vulnerability_id,severity,description
CVE-2024-6003,critical,"A vulnerability was found in Guangdong Baolun Electronics IP Network Broadcasting Service Platform 2.0. It has been classified as critical. Affected is an unknown function of the file /api/v2/maps. The manipulation of the argument orderColumn leads to SQL injection. It is possible to launch the attack remotely. The exploit has been disclosed to the public and may be used. The identifier of this vulnerability is VDB-268692. NOTE: The vendor was contacted early about this disclosure but did not respond in any way."
CVE-2024-30120,medium,"HCL DRYiCE Optibot Reset Station is impacted by an Unused Parameter in the web application."
CVE-2024-30119,medium,"HCL DRYiCE Optibot Reset Station is impacted by a missing Strict Transport Security Header. This could allow an attacker to intercept or manipulate data during redirection."
CVE-2024-21988,high,"StorageGRID (formerly StorageGRID Webscale) versions prior to 11.7.0.9 and 11.8.0.5 are susceptible to disclosure of sensitive information via complex MiTM attacks due to a vulnerability in the SSH cryptographic implementation."
CVE-2024-37889,high,"MyFinances is a web application for managing finances. MyFinances has a way to access other customer invoices while signed in as a user. This method allows an actor to access PII and financial information from another account. The vulnerability is fixed in 0.4.6."
CVE-2024-37831,critical,"Itsourecode Payroll Management System 1.0 is vulnerable to SQL Injection in payroll_items.php via the ID parameter."
CVE-2024-6004,high,"A buffer overflow was discovered in the XYZ Web Server version 1.2. This vulnerability allows attackers to execute arbitrary code on the affected system."
CVE-2024-30121,low,"Information disclosure vulnerability in ABC application allows attackers to gain access to sensitive information via an unprotected API endpoint."
CVE-2024-30122,critical,"Remote code execution vulnerability in DEF application due to improper input validation in file upload functionality."
CVE-2024-21989,medium,"Cross-site scripting (XSS) vulnerability in GHI web application through search functionality, allowing attackers to inject malicious scripts."
CVE-2024-37890,high,"SQL injection vulnerability in JKL web application in the login form, allowing attackers to bypass authentication."
CVE-2024-37832,low,"Open redirect vulnerability in MNO web application through URL parameter manipulation, allowing attackers to redirect users to malicious sites."
CVE-2024-6005,medium,"Denial of service (DoS) vulnerability in PQR application by sending specially crafted packets to the server, causing it to crash."
CVE-2024-30123,high,"Privilege escalation vulnerability in STU operating system due to improper permission checks on certain files."
CVE-2024-30124,critical,"Buffer overflow in VWX application allows attackers to execute arbitrary code with system privileges."
CVE-2024-21990,medium,"XML external entity (XXE) vulnerability in YZA application, allowing attackers to access internal files via crafted XML input."
CVE-2024-37891,high,"Command injection vulnerability in BCD application via the admin panel, allowing attackers to execute arbitrary commands."
CVE-2024-37833,low,"Insecure deserialization vulnerability in EFG application, allowing attackers to manipulate serialized objects and gain unauthorized access."
CVE-2024-6006,medium,"Cross-site request forgery (CSRF) vulnerability in HIJ web application, allowing attackers to perform actions on behalf of authenticated users."
CVE-2024-30125,critical,"Improper authentication vulnerability in KLM application, allowing attackers to bypass login and access restricted areas."
CVE-2024-30126,high,"Path traversal vulnerability in NOP application, allowing attackers to read arbitrary files on the server."
CVE-2024-21991,medium,"Improper access control vulnerability in QRS application, allowing attackers to access restricted functionalities."
CVE-2024-37892,high,"Memory corruption vulnerability in TUV application, leading to potential arbitrary code execution."
CVE-2024-37834,low,"Sensitive information exposure vulnerability in WXY application due to improper handling of error messages."
CVE-2024-6007,medium,"Improper input validation vulnerability in ZAB application, allowing attackers to perform SQL injection."
CVE-2024-30127,critical,"Use-after-free vulnerability in CDE application, allowing attackers to execute arbitrary code."
CVE-2024-30128,high,"Improper neutralization of special elements in FGH application, leading to cross-site scripting (XSS) vulnerability."
CVE-2024-21992,medium,"Insufficient logging and monitoring vulnerability in IJK application, allowing attackers to perform malicious activities undetected."
CVE-2024-37893,high,"Deserialization of untrusted data vulnerability in LMN application, leading to remote code execution."
CVE-2024-37835,low,"Improper error handling vulnerability in OPQ application, exposing internal application logic."
CVE-2024-6008,medium,"Improper session management vulnerability in RST application, allowing attackers to hijack user sessions."
CVE-2024-30129,critical,"Remote file inclusion vulnerability in UVW application, allowing attackers to include and execute remote files."
CVE-2024-30130,high,"Improper certificate validation vulnerability in XYZ application, allowing man-in-the-middle (MitM) attacks."
CVE-2024-21993,medium,"Insecure direct object reference (IDOR) vulnerability in ABC application, allowing attackers to access unauthorized resources."
CVE-2024-37894,high,"Cross-site scripting (XSS) vulnerability in DEF application through comment section, allowing attackers to inject malicious scripts."
CVE-2024-37836,low,"Improper access control vulnerability in GHI application, allowing attackers to access restricted resources without proper authorization."
CVE-2024-6009,medium,"Cross-site request forgery (CSRF) vulnerability in JKL web application, allowing attackers to perform actions on behalf of authenticated users."
CVE-2024-30131,critical,"Improper input validation vulnerability in MNO application, leading to remote code execution."
CVE-2024-30132,high,"SQL injection vulnerability in PQR application through search functionality, allowing attackers to access and modify database records."
CVE-2024-21994,medium,"Improper output encoding vulnerability in STU application, leading to cross-site scripting (XSS)."
CVE-2024-37895,high,"Command injection vulnerability in VWX application via command-line arguments, allowing attackers to execute arbitrary commands."
CVE-2024-37837,low,"Insecure storage of sensitive data vulnerability in YZA application, leading to information disclosure."
CVE-2024-6010,medium,"Improper input validation vulnerability in BCD application, leading to buffer overflow."
CVE-2024-30133,critical,"Use-after-free vulnerability in CDE application, allowing attackers to execute arbitrary code."
CVE-2024-30134,high,"Improper neutralization of special elements in FGH application, leading to cross-site scripting (XSS) vulnerability."
CVE-2024-21995,medium,"Insufficient logging and monitoring vulnerability in IJK application, allowing attackers to perform malicious activities undetected."
CVE-2024-37896,high,"Deserialization of untrusted data vulnerability in LMN application, leading to remote code execution."
CVE-2024-37838,low,"Improper error handling vulnerability in OPQ application, exposing internal application logic."
CVE-2024-6011,medium,"Improper session management vulnerability in RST application, allowing attackers to hijack user sessions."
CVE-2024-30135,critical,"Remote file inclusion vulnerability in UVW application, allowing attackers to include and execute remote files."
CVE-2024-30136,high,"Improper certificate validation vulnerability in XYZ application, allowing man-in-the-middle (MitM) attacks."
CVE-2024-21996,medium,"Insecure direct object reference (IDOR) vulnerability in ABC application, allowing attackers to access unauthorized resources."
CVE-2024-37897,high,"Cross-site scripting (XSS) vulnerability in DEF application through comment section, allowing attackers to inject malicious scripts."
CVE-2024-37839,low,"Improper access control vulnerability in GHI application, allowing attackers to access restricted resources without proper authorization."
CVE-2024-6012,medium,"Cross-site request forgery (CSRF) vulnerability in JKL web application, allowing attackers to perform actions on behalf of authenticated users."
CVE-2024-30137,critical,"Improper input validation vulnerability in MNO application, leading to remote code execution."
CVE-2024-30138,high,"SQL injection vulnerability in PQR application through search functionality, allowing attackers to access and modify database records."
CVE-2024-21997,medium,"Improper output encoding vulnerability in STU application, leading to cross-site scripting (XSS)."
CVE-2024-37898,high,"Command injection vulnerability in VWX application via command-line arguments, allowing attackers to execute arbitrary commands."
CVE-2024-37840,low,"Insecure storage of sensitive data vulnerability in YZA application, leading to information disclosure."
CVE-2024-6013,medium,"Improper input validation vulnerability in BCD application, leading to buffer overflow."
CVE-2024-30139,critical,"Use-after-free vulnerability in CDE application, allowing attackers to execute arbitrary code."
CVE-2024-30140,high,"Improper neutralization of special elements in FGH application, leading to cross-site scripting (XSS) vulnerability."
CVE-2024-21998,medium,"Insufficient logging and monitoring vulnerability in IJK application, allowing attackers to perform malicious activities undetected."
CVE-2024-37899,high,"Deserialization of untrusted data vulnerability in LMN application, leading to remote code execution."
CVE-2024-37841,low,"Improper error handling vulnerability in OPQ application, exposing internal application logic."
CVE-2024-6014,medium,"Improper session management vulnerability in RST application, allowing attackers to hijack user sessions."
CVE-2024-30141,critical,"Remote file inclusion vulnerability in UVW application, allowing attackers to include and execute remote files."
CVE-2024-30142,high,"Improper certificate validation vulnerability in XYZ application, allowing man-in-the-middle (MitM) attacks."
CVE-2024-21999,medium,"Insecure direct object reference (IDOR) vulnerability in ABC application, allowing attackers to access unauthorized resources."
CVE-2024-37900,high,"Cross-site scripting (XSS) vulnerability in DEF application through comment section, allowing attackers to inject malicious scripts."
CVE-2024-37842,low,"Improper access control vulnerability in GHI application, allowing attackers to access restricted resources without proper authorization."
CVE-2024-6015,medium,"Cross-site request forgery (CSRF) vulnerability in JKL web application, allowing attackers to perform actions on behalf of authenticated users."
CVE-2024-30143,critical,"Improper input validation vulnerability in MNO application, leading to remote code execution."
CVE-2024-30144,high,"SQL injection vulnerability in PQR application through search functionality, allowing attackers to access and modify database records."
CVE-2024-22000,medium,"Improper output encoding vulnerability in STU application, leading to cross-site scripting (XSS)."
CVE-2024-37901,high,"Command injection vulnerability in VWX application via command-line arguments, allowing attackers to execute arbitrary commands."
CVE-2024-37843,low,"Insecure storage of sensitive data vulnerability in YZA application, leading to information disclosure."
CVE-2024-6016,medium,"Improper input validation vulnerability in BCD application, leading to buffer overflow."
CVE-2024-30145,critical,"Use-after-free vulnerability in CDE application, allowing attackers to execute arbitrary code."
CVE-2024-30146,high,"Improper neutralization of special elements in FGH application, leading to cross-site scripting (XSS) vulnerability."
CVE-2024-22001,medium,"Insufficient logging and monitoring vulnerability in IJK application, allowing attackers to perform malicious activities undetected."
CVE-2024-37902,high,"Deserialization of untrusted data vulnerability in LMN application, leading to remote code execution."
CVE-2024-37844,low,"Improper error handling vulnerability in OPQ application, exposing internal application logic."
CVE-2024-6017,medium,"Improper session management vulnerability in RST application, allowing attackers to hijack user sessions."
CVE-2024-30147,critical,"Remote file inclusion vulnerability in UVW application, allowing attackers to include and execute remote files."
CVE-2024-30148,high,"Improper certificate validation vulnerability in XYZ application, allowing man-in-the-middle (MitM) attacks."
CVE-2024-22002,medium,"Insecure direct object reference (IDOR) vulnerability in ABC application, allowing attackers to access unauthorized resources."
CVE-2024-37903,high,"Cross-site scripting (XSS) vulnerability in DEF application through comment section, allowing attackers to inject malicious scripts."
CVE-2024-37845,low,"Improper access control vulnerability in GHI application, allowing attackers to access restricted resources without proper authorization."
CVE-2024-6018,medium,"Cross-site request forgery (CSRF) vulnerability in JKL web application, allowing attackers to perform actions on behalf of authenticated users."
CVE-2024-30149,critical,"Improper input validation vulnerability in MNO application, leading to remote code execution."
CVE-2024-30150,high,"SQL injection vulnerability in PQR application through search functionality, allowing attackers to access and modify database records."
